Order Number,Item Name,Item #,Quantity,Item Cost
903,Bombilla,1,1,8
903,Kalebas,2,1,15
903,Cadeauverpakking,3,1,1
902,Bombilla,1,1,8
902,Kalebas,2,1,15
901,Bombilla,1,1,8
901,Kalebas,2,1,15
900,Bombilla,1,1,8
900,Kalebas,2,1,15
899,Bombilla,1,1,8
899,Kalebas,2,1,15
898,Bombilla,1,1,8
898,Kalebas,2,1,15
897,Bombilla,1,2,8
897,Kalebas,2,2,15
896,Bombilla,1,1,8
896,Kalebas,2,1,15
895,Kalebas,1,1,15
895,Bombilla,2,1,8
894,Bombilla,1,2,8
894,Kalebas,2,1,15
894,Cadeauverpakking,3,1,1
893,Bombilla,1,1,8
893,Kalebas,2,1,15
892,Bombilla,1,1,8
892,Kalebas,2,1,15
890,Bombilla,1,1,8
890,Kalebas,2,1,15
889,Kalebas,1,1,15
888,Bombilla,1,1,8
888,Kalebas,2,1,15
887,Bombilla,1,3,8
886,Kalebas,1,1,15
886,Bombilla,2,1,8
885,Bombilla,1,1,8
885,Kalebas,2,1,15
884,Bombilla,1,1,8
884,Kalebas,2,1,15
883,Kalebas,1,3,15
881,Bombilla,1,1,8
881,Kalebas,2,1,15
880,Bombilla,1,1,8
880,Kalebas,2,1,15
879,Bombilla,1,1,8
879,Kalebas,2,1,15
878,Kalebas,1,1,15
877,Bombilla,1,1,8
877,Kalebas,2,1,15
875,Bombilla,1,1,8
875,Kalebas,2,1,15
874,Bombilla,1,1,8
874,Kalebas,2,1,15
873,Bombilla,1,2,8
873,Kalebas,2,2,15
873,Mateology - The Drink Beyond a Drink,3,1,15
872,Bombilla,1,2,8
872,Kalebas,2,2,15
872,Mateology - The Drink Beyond a Drink,3,1,15
871,Bombilla,1,1,8
871,Kalebas,2,1,15
865,Bombilla,1,1,8
865,Kalebas,2,1,15
864,Bombilla,1,1,8
864,Kalebas,2,1,15
863,Bombilla,1,2,8
863,Kalebas,2,2,15
862,Bombilla,1,1,8
862,Kalebas,2,1,15
861,Bombilla,1,1,8
861,Kalebas,2,1,15
860,Bombilla,1,1,8
860,Kalebas,2,1,15
858,Yerba mate set compleet,1,1,38
857,Bombilla,1,1,8
857,Kalebas,2,1,15
856,Bombilla,1,1,8
856,Kalebas,2,1,15
856,Bombilla,3,1,8
854,Bombilla,1,1,8
854,Kalebas,2,1,15
852,Bombilla,1,1,6.4
852,Kalebas,2,1,12
851,Bombilla,1,1,6.4
851,Kalebas,2,1,12
850,Kalebas,1,1,15
849,Bombilla,1,1,8
849,Kalebas,2,1,15
848,Yerba mate set compleet,1,1,38
846,Bombilla,1,1,8
846,Kalebas,2,1,15
845,Bombilla,1,1,8
845,Kalebas,2,1,15
844,Yerba mate set compleet,1,1,38
843,Yerba mate set compleet,1,1,38
842,Bombilla,1,1,8
842,Kalebas,2,1,15
841,Bombilla,1,1,8
841,Kalebas,2,1,15
840,Bombilla,1,1,8
840,Kalebas,2,1,15
839,Bombilla,1,1,8
839,Kalebas,2,1,15
837,Bombilla,1,1,8
837,Kalebas,2,1,15
836,Bombilla,1,1,0
835,Yerba mate set compleet,1,1,38
834,Bombilla,1,1,8
834,Kalebas,2,1,15
832,Bombilla,1,1,0
831,Bombilla,1,1,0
830,Bombilla,1,1,0
829,Yerba mate set compleet,1,1,38
829,Cadeauverpakking,2,1,1
828,Bombilla,1,1,8
828,Kalebas,2,1,15
827,Bombilla,1,1,8
827,Kalebas,2,1,15
826,Yerba mate set compleet,1,1,38
825,Kalebas,1,1,15
824,Kalebas,1,1,15
824,Bombilla,2,1,8
823,Bombilla,1,1,8
823,Kalebas,2,1,15
822,Bombilla,1,1,8
822,Kalebas,2,1,15
821,Bombilla,1,1,8
821,Kalebas,2,1,15
820,Bombilla,1,1,8
820,Kalebas,2,1,15
820,Cadeauverpakking,3,1,1
818,Bombilla,1,1,8
818,Kalebas,2,1,15
817,Yerba mate set compleet,1,1,38
815,Bombilla,1,1,8
815,Kalebas,2,1,15
814,Kalebas,1,1,15
813,Bombilla,1,1,8
813,Kalebas,2,1,15
812,Yerba mate set compleet,1,1,38
811,Bombilla,1,1,8
811,Kalebas,2,1,15
810,Yerba mate set compleet,1,1,38
809,Bombilla,1,1,8
809,Kalebas,2,1,15
808,Bombilla,1,1,8
808,Kalebas,2,1,15
807,Bombilla,1,1,8
807,Kalebas,2,1,15
806,Bombilla,1,1,8
806,Kalebas,2,1,15
805,Bombilla,1,1,8
805,Kalebas,2,1,15
804,Bombilla,1,1,8
804,Kalebas,2,1,15
803,Bombilla,1,1,8
803,Kalebas,2,1,15
801,Yerba mate set compleet,1,1,38
800,Bombilla,1,1,8
800,Kalebas,2,1,15
799,Bombilla,1,2,8
799,Kalebas,2,2,15
798,Bombilla,1,1,8
798,Kalebas,2,1,15
797,Bombilla,1,1,8
797,Kalebas,2,1,15
796,Bombilla,1,1,8
796,Kalebas,2,1,15
795,Bombilla,1,1,8
795,Kalebas,2,1,15
794,Yerba mate set compleet,1,1,38
793,Yerba mate set compleet,1,1,38
792,Yerba mate set compleet,1,1,38
791,Bombilla,1,1,8
791,Kalebas,2,1,15
790,Bombilla,1,1,8
790,Kalebas,2,1,15
789,Yerba mate set compleet,1,1,38
788,Bombilla,1,1,8
788,Kalebas,2,1,15
787,Bombilla,1,1,8
787,Kalebas,2,1,15
786,Bombilla,1,1,8
786,Kalebas,2,1,15
785,Bombilla,1,1,8
785,Kalebas,2,1,15
784,Bombilla,1,1,8
784,Kalebas,2,1,15
783,Bombilla,1,1,8
783,Kalebas,2,1,15
782,Bombilla,1,1,8
782,Kalebas,2,1,15
781,Yerba mate set compleet,1,1,38
780,Bombilla,1,1,8
780,Kalebas,2,1,15
776,Bombilla,1,1,8
776,Kalebas,2,1,15
775,Bombilla,1,1,8
775,Kalebas,2,1,15
774,Bombilla,1,1,8
774,Kalebas,2,1,15
773,Bombilla,1,1,8
773,Kalebas,2,1,15
772,Bombilla,1,1,8
772,Kalebas,2,1,15
771,Bombilla,1,1,8
771,Kalebas,2,1,15
770,Bombilla,1,1,8
770,Kalebas,2,1,15
769,Kalebas,1,1,15
768,Bombilla,1,1,8
768,Kalebas,2,1,15
767,Yerba mate set compleet,1,1,38
766,Bombilla,1,1,8
765,Yerba mate set compleet,1,1,38
764,Bombilla,1,1,8
764,Kalebas,2,1,15
763,Bombilla,1,1,8
763,Kalebas,2,1,15
762,Bombilla,1,1,9
762,Kalebas,2,1,16
761,Bombilla,1,1,8
761,Kalebas,2,1,15
760,Bombilla,1,1,8
760,Kalebas,2,1,15
759,Bombilla,1,1,8
759,Kalebas,2,1,15
758,Bombilla,1,1,8
758,Kalebas,2,1,15
757,Bombilla,1,1,8
756,Bombilla,1,1,8
756,Kalebas,2,1,15
755,Bombilla,1,2,8
755,Kalebas,2,2,15
753,Bombilla,1,1,8
753,Kalebas,2,1,15
752,Bombilla,1,1,8
752,Kalebas,2,1,15
751,Bombilla,1,1,8
751,Kalebas,2,1,15
750,Bombilla,1,1,8
750,Kalebas,2,1,15
749,Kalebas,1,1,15
749,Bombilla,2,1,8
748,Bombilla,1,1,8
748,Kalebas,2,1,15
746,Bombilla,1,1,8
746,Kalebas,2,1,15
745,Bombilla,1,1,8
745,Kalebas,2,1,15
744,Bombilla,1,1,8
743,Bombilla,1,1,8
743,Kalebas,2,1,15
742,Bombilla,1,1,8
742,Kalebas,2,1,15
741,Bombilla,1,1,8
741,Kalebas,2,1,15
740,Mateology - The Drink Beyond a Drink,1,1,15
739,Kalebas,1,1,15
738,Kalebas,1,1,15
738,Bombilla,2,1,8
737,Bombilla,1,1,8
737,Kalebas,2,1,15
736,Bombilla,1,1,8
736,Kalebas,2,1,15
735,Bombilla,1,2,8
735,Kalebas,2,2,15
733,Bombilla,1,1,8
733,Kalebas,2,1,15
730,Bombilla,1,1,8
730,Kalebas,2,1,15
729,Bombilla,1,1,8
729,Kalebas,2,1,15
728,Bombilla,1,2,8
728,Kalebas,2,2,15
726,Yerba mate set compleet,1,1,38
725,Bombilla,1,1,8
725,Kalebas,2,1,15
724,Bombilla,1,1,8
724,Kalebas,2,1,15
723,Bombilla,1,1,8
723,Kalebas,2,1,15
722,Bombilla,1,1,8
722,Kalebas,2,1,15
721,Yerba mate set compleet,1,1,38
720,Bombilla,1,1,8
720,Kalebas,2,1,15
719,Bombilla,1,1,8
719,Kalebas,2,1,15
719,Mateology - The Drink Beyond a Drink,3,1,15
718,Bombilla,1,1,8
718,Kalebas,2,1,15
716,Bombilla,1,1,8
716,Kalebas,2,1,15
712,Bombilla,1,2,9
712,Kalebas,2,2,16
711,Bombilla,1,1,8
711,Kalebas,2,1,15
710,Yerba mate set compleet,1,1,38
708,Bombilla,1,1,8
708,Kalebas,2,1,15
707,Bombilla,1,1,9
707,Kalebas,2,1,16
706,Bombilla,1,1,9
706,Kalebas,2,1,16
705,Bombilla,1,1,8
705,Kalebas,2,1,15
702,Bombilla,1,1,9
702,Kalebas,2,1,16
700,Bombilla,1,1,8
700,Kalebas,2,1,15
699,Bombilla,1,1,8
699,Kalebas,2,1,15
698,Bombilla,1,1,9
698,Kalebas,2,1,16
697,Bombilla,1,1,8
697,Kalebas,2,1,15
696,Bombilla,1,1,8
696,Kalebas,2,1,15
688,Bombilla,1,1,8
688,Kalebas,2,1,15
687,Bombilla,1,1,9
687,Kalebas,2,1,16
686,Bombilla,1,1,8
686,Kalebas,2,1,15
685,Bombilla,1,1,8
685,Kalebas,2,1,15
684,Bombilla,1,1,8
684,Kalebas,2,1,15
682,Bombilla,1,2,8
682,Kalebas,2,2,15
681,Bombilla,1,1,8
681,Kalebas,2,1,15
678,Kalebas,1,1,15
678,Bombilla,2,1,8
676,Bombilla,1,1,8
676,Afrekenen,2,1,15
675,Kalebas,1,1,15
674,Bombilla,1,1,8
674,Kalebas,2,1,15
673,Bombilla,1,1,8
673,Kalebas,2,1,15
672,Yerba mate set compleet,1,1,38
671,Bombilla,1,1,8
671,Kalebas,2,1,15
670,Bombilla,1,1,8
670,Kalebas,2,1,15
670,Kalebas,3,1,15
670,Bombilla,4,1,8
669,Bombilla,1,1,9
669,Kalebas,2,1,16
668,Bombilla,1,1,8
668,Kalebas,2,1,15
667,Bombilla,1,1,8
667,Kalebas,2,1,15
666,Kalebas,1,1,15
665,Bombilla,1,1,8
665,Kalebas - Traditioneel,2,1,15
664,Bombilla,1,1,8
664,Kalebas - Traditioneel,2,1,15
657,Yerba mate set compleet,1,1,32.19
656,Bombilla,1,1,6.61
656,Kalebas - Traditioneel,2,1,12.4
655,Bombilla,1,1,6.61
655,Kalebas - Traditioneel,2,1,12.4
654,Bombilla,1,1,6.61
654,Kalebas - Traditioneel,2,1,12.4
653,Bombilla,1,1,6.61
653,Kalebas - Traditioneel,2,1,12.4
652,Kalebas - Traditioneel,1,2,12.4
651,Yerba mate set compleet,1,1,32.19
649,Yerba mate set compleet,1,1,32.19
648,Yerba mate set compleet,1,1,32.19
647,Kalebas - Traditioneel,1,1,13.22
645,Bombilla,1,2,0
645,Kalebas,2,2,0
645,Bombilla,3,1,6.57
643,Yerba mate set compleet,1,1,32.19
642,Bombilla,1,1,0
642,Kalebas,2,1,0
641,Bombilla,1,1,0
641,Kalebas,2,1,0
640,Bombilla,1,1,0
640,Kalebas,2,1,0
639,Bombilla,1,1,0
639,Kalebas,2,1,0
638,Bombilla,1,1,0
638,Kalebas,2,1,0
637,Yerba mate set compleet,1,1,32.19
636,Yerba mate set compleet,1,1,32.19
635,Bombilla,1,3,0
635,Kalebas,2,3,0
634,Bombilla,1,1,0
634,Kalebas,2,1,0
632,Bombilla,1,1,0
632,Kalebas,2,1,0
631,Bombilla,1,1,0
631,Kalebas,2,1,0
630,Bombilla,1,1,0
630,Kalebas,2,1,0
629,Bombilla,1,1,0
629,Kalebas,2,1,0
628,Bombilla,1,1,0
628,Kalebas,2,1,0
627,Bombilla,1,1,0
627,Kalebas,2,1,0
626,Bombilla,1,1,0
626,Kalebas,2,1,0
625,Bombilla,1,1,0
625,Kalebas,2,1,0
622,Bombilla,1,1,0
622,Kalebas,2,1,0
621,Bombilla,1,1,0
621,Kalebas,2,1,0
620,Bombilla,1,1,0
620,Kalebas,2,1,0
619,Bombilla,1,1,0
619,Kalebas,2,1,0
618,Bombilla,1,2,0
618,Kalebas,2,2,0
617,Bombilla,1,1,0
617,Kalebas,2,1,0
616,Bombilla,1,1,0
616,Kalebas,2,1,0
616,Yerba mate set compleet,3,1,33.02
615,Bombilla,1,1,0
615,Kalebas,2,1,0
614,Bombilla,1,1,0
614,Kalebas,2,1,0
613,Bombilla,1,1,0
613,Kalebas,2,1,0
612,Bombilla,1,1,0
612,Kalebas,2,1,0
610,Bombilla,1,1,0
610,Kalebas,2,1,0
609,Bombilla,1,1,0
609,Kalebas,2,1,0
608,Bombilla,1,1,0
608,Kalebas,2,1,0
607,Bombilla,1,1,0
607,Kalebas,2,1,0
606,Bombilla,1,1,6.57
606,Kalebas,2,1,12.36
605,Bombilla,1,1,0
605,Kalebas,2,1,0
604,Bombilla,1,1,0
604,Kalebas,2,1,0
603,Bombilla,1,1,0
603,Kalebas,2,1,0
602,Bombilla,1,1,0
602,Kalebas,2,1,0
601,Bombilla,1,1,0
601,Kalebas,2,1,0
600,Bombilla,1,1,0
600,Kalebas,2,1,0
599,Bombilla,1,1,0
599,Kalebas,2,1,0
598,Bombilla,1,1,0
598,Kalebas,2,1,0
597,Bombilla,1,1,0
597,Kalebas,2,1,0
596,Bombilla,1,1,0
596,Kalebas,2,1,0
595,Bombilla,1,1,0
595,Kalebas,2,1,0
594,Bombilla,1,1,0
594,Kalebas,2,1,0
592,Bombilla,1,1,0
592,Kalebas,2,1,0
591,Yerba mate set compleet,1,1,32.19
590,Bombilla,1,1,0
590,Kalebas,2,1,0
588,Bombilla,1,1,0
588,Kalebas,2,1,0
587,Bombilla,1,1,0
587,Kalebas,2,1,0
585,Bombilla,1,1,0
585,Kalebas,2,1,0
584,Bombilla,1,1,0
584,Kalebas,2,1,0
582,Bombilla,1,1,0
582,Kalebas,2,1,0
581,Bombilla,1,1,0
581,Kalebas,2,1,0
580,Bombilla,1,1,0
580,Kalebas,2,1,0
567,Mateology - The Drink Beyond a Drink,1,1,13.72
562,Kalebas,1,1,12.36
551,Bombilla,1,1,6.57
550,Kalebas,1,1,0